Workbook

Sheet Control
A1: GlucoLink reporting export
A2: Status | B2: LOADED: all four views from one read-only snapshot of the frozen database
A3: Database | B3: glucolink_a2 (shared PostgreSQL 15.19 server, CloudBeaver connection 'GlucoLink A2 - Team')
A4: Frozen commit | B4: 9a499ce (frozen SQL 00 to 09; shared DB rebuilt from it on 11 Oct 2026)
A5: Export timestamp(s), including timezone | B5: 2026-10-14 17:12 ; all four views in the same session
A6: As-of date from actual parameters | B6: 46266
A7: Export method / consistent snapshot? | B7: Read-only SELECT statements from the Queries sheet, run through CloudBeaver on glucolink_a2. Consistent snapshot: yes. The database is frozen (SELECT only) since the 11 Oct rebuild.
A8: Checked by / date | B8: Minha Kim, 2026-10-14
A9: Important | B9: Excel is a snapshot. Refresh all four sheets after a pipeline rerun.
A10: Ownership | B10: B supplies export structure. F owns charts and final validation.
A11: Source rules | B11: business_rules_v1.2; expected as_of_date 2026-09-01.
A13: Rule parameters (actual, reporting.rule_parameter)
A14: param_name | B14: param_value
A15: as_of_date | B15: 2026_09_01
A16: hba1c_high_mmol | B16: 53
A17: pdc_threshold | B17: 0.8
A18: pdc_window_days | B18: 180
A19: return_grace_days | B19: 7
A20: review_window_days | B20: 90
A21: test_overdue_months | B21: 6
A22: trend_min_change_mmol | B22: 5
A23: trend_window_months | B23: 12
A25: Automated tests (audit.test_results) | B25: 46 run, 46 passed, 0 failed

Sheet Checks
A1: Fixture acceptance checklist
A2: A matching count is necessary but not sufficient.
A3: View/check | B3: Expected | C3: Actual | D3: Status
A4: UC1 rows | B4: 8 | C4: 8 | D4: PASS
A5: UC2 rows | B5: 11 | C5: 11 | D5: PASS
A6: UC3 rows | B6: 16 | C6: 16 | D6: PASS
A7: UC4 rows | B7: 2 | C7: 2 | D7: PASS
A8: UC1 status counts | B8: HIGH_NO_REVIEW 2; HIGH_REVIEW_PENDING 3; NO_TEST_ON_RECORD 1; OVERDUE_TEST 2 | C8: HIGH_NO_REVIEW 2; HIGH_REVIEW_PENDING 3; NO_TEST_ON_RECORD 1; OVERDUE_TEST 2 | D8: PASS
A9: UC2 status counts | B9: NON_ADHERENT 2; ADHERENT 9 | C9: NON_ADHERENT 2; ADHERENT 9 | D9: PASS
A10: UC3 status counts | B10: RISING 4; STABLE 7; INSUFFICIENT_HISTORY 5; FALLING 0 | C10: RISING 4; STABLE 7; INSUFFICIENT_HISTORY 5; FALLING 0 | D10: PASS
A11: UC3 rising despite adherence | B11: 2 | C11: 2 | D11: PASS
A12: UC3 fewer than 2 tests | B12: change_mmol_mol is NULL, not zero | C12: change_mmol_mol is NULL, not zero | D12: PASS
A13: UC3 missing PDC | B13: rising_despite_adherence is false | C13: rising_despite_adherence is false | D13: PASS
A14: UC4 types | B14: RESULT_NOT_RETURNED; MULTI_PHARMACY_OVERLAP | C14: RESULT_NOT_RETURNED; MULTI_PHARMACY_OVERLAP | D14: PASS

Sheet Queries
A1: View | B1: Read-only query
A2: reporting.vw_uc1_care_gaps | B2: SELECT patient_id, display_name, home_clinic, last_test_date, last_hba1c_mmol_mol, first_review_date, care_gap_status, as_of_date FROM reporting.vw_uc1_care_gaps ORDER BY patient_id;
A3: reporting.vw_uc2_pdc | B3: SELECT patient_id, display_name, drug_class, fills_counted, covered_days, window_days, pdc, adherence_status, window_start, window_end, as_of_date FROM reporting.vw_uc2_pdc ORDER BY patient_id, drug_class;
A4: reporting.vw_uc3_hba1c_trend | B4: SELECT patient_id, display_name, n_results, first_test_date, first_hba1c, last_test_date, last_hba1c, change_mmol_mol, trend_status, best_pdc, rising_despite_adherence, as_of_date FROM reporting.vw_uc3_hba1c_trend ORDER BY patient_id;
A5: reporting.vw_uc4_care_path_breaks | B5: SELECT patient_id, display_name, break_type, detail, event_date FROM reporting.vw_uc4_care_path_breaks ORDER BY patient_id, break_type, event_date;

Sheet UC1 Dashboard
A1: UC1 Care gaps: patient per care-gap status
A2: Source: reporting.vw_uc1_care_gaps | database: glucolink_a2 | commit: 9a499ce | exported 2026-10-14 17:12 | checks: ALL PASS
A3: Practice nurse: book an HbA1c test for overdue or untested patients, and a GP review for high results with no review.
A5: care_gap_status | B5: patients
A6: HIGH_NO_REVIEW | B6: 2
A7: HIGH_REVIEW_PENDING | B7: 3
A8: OVERDUE_TEST | B8: 2
A9: NO_TEST_ON_RECORD | B9: 1
A10: Total | B10: =SUM(B6:B9) -> 8
A26: patient_id | B26: display_name | C26: home_clinic | D26: last_test_date | E26: last_hba1c_mmol_mol | F26: first_review_date | G26: care_gap_status
A27: =IF('UC1'!A2="","",'UC1'!A2) -> GL-0001 | B27: =IF('UC1'!B2="","",'UC1'!B2) -> Thomas Smith | C27: =IF('UC1'!C2="","",'UC1'!C2) -> Parramatta Family Practice | D27: =IF('UC1'!D2="","",'UC1'!D2) -> 46162 | E27: =IF('UC1'!E2="","",'UC1'!E2) -> 62 | F27: =IF('UC1'!F2="","",'UC1'!F2) | G27: =IF('UC1'!G2="","",'UC1'!G2) -> HIGH_NO_REVIEW
A28: =IF('UC1'!A3="","",'UC1'!A3) -> GL-0002 | B28: =IF('UC1'!B3="","",'UC1'!B3) -> Mei Chen | C28: =IF('UC1'!C3="","",'UC1'!C3) -> Parramatta Family Practice | D28: =IF('UC1'!D3="","",'UC1'!D3) -> 46204 | E28: =IF('UC1'!E3="","",'UC1'!E3) -> 58 | G28: =IF('UC1'!G3="","",'UC1'!G3) -> HIGH_REVIEW_PENDING
A29: =IF('UC1'!A4="","",'UC1'!A4) -> GL-0003 | B29: =IF('UC1'!B4="","",'UC1'!B4) -> Ahmed Khan | C29: =IF('UC1'!C4="","",'UC1'!C4) -> Blacktown Medical Centre | D29: =IF('UC1'!D4="","",'UC1'!D4) -> 45992 | E29: =IF('UC1'!E4="","",'UC1'!E4) -> 51 | G29: =IF('UC1'!G4="","",'UC1'!G4) -> OVERDUE_TEST
A30: =IF('UC1'!A5="","",'UC1'!A5) -> GL-0006 | B30: =IF('UC1'!B5="","",'UC1'!B5) -> Daniel Nguyen | C30: =IF('UC1'!C5="","",'UC1'!C5) -> Parramatta Family Practice | D30: =IF('UC1'!D5="","",'UC1'!D5) | E30: =IF('UC1'!E5="","",'UC1'!E5) | G30: =IF('UC1'!G5="","",'UC1'!G5) -> NO_TEST_ON_RECORD
A31: =IF('UC1'!A6="","",'UC1'!A6) -> GL-0010 | B31: =IF('UC1'!B6="","",'UC1'!B6) -> William Jones | C31: =IF('UC1'!C6="","",'UC1'!C6) -> Blacktown Medical Centre | D31: =IF('UC1'!D6="","",'UC1'!D6) -> 46054 | E31: =IF('UC1'!E6="","",'UC1'!E6) -> 52 | G31: =IF('UC1'!G6="","",'UC1'!G6) -> OVERDUE_TEST
A32: =IF('UC1'!A7="","",'UC1'!A7) -> GL-0012 | B32: =IF('UC1'!B7="","",'UC1'!B7) -> Lucas Martin | C32: =IF('UC1'!C7="","",'UC1'!C7) -> Parramatta Family Practice | D32: =IF('UC1'!D7="","",'UC1'!D7) -> 46152 | E32: =IF('UC1'!E7="","",'UC1'!E7) -> 57 | G32: =IF('UC1'!G7="","",'UC1'!G7) -> HIGH_NO_REVIEW
A33: =IF('UC1'!A8="","",'UC1'!A8) -> GL-0014 | B33: =IF('UC1'!B8="","",'UC1'!B8) -> Noah Harris | C33: =IF('UC1'!C8="","",'UC1'!C8) -> Penrith GP Clinic | D33: =IF('UC1'!D8="","",'UC1'!D8) -> 46244 | E33: =IF('UC1'!E8="","",'UC1'!E8) -> 58 | G33: =IF('UC1'!G8="","",'UC1'!G8) -> HIGH_REVIEW_PENDING
A34: =IF('UC1'!A9="","",'UC1'!A9) -> GL-0016 | B34: =IF('UC1'!B9="","",'UC1'!B9) -> Zoe Clark | C34: =IF('UC1'!C9="","",'UC1'!C9) -> Blacktown Medical Centre | D34: =IF('UC1'!D9="","",'UC1'!D9) -> 46178 | E34: =IF('UC1'!E9="","",'UC1'!E9) -> 65 | G34: =IF('UC1'!G9="","",'UC1'!G9) -> HIGH_REVIEW_PENDING
A35: =IF('UC1'!A10="","",'UC1'!A10)

Sheet UC2 Dashboard
A1: UC2 Medication adherence: PDC per patient (threshold 0.8)
A2: Source: reporting.vw_uc2_pdc | database: glucolink_a2 | commit: 9a499ce | exported 2026-10-14 17:12 | checks: ALL PASS
A3: Community pharmacist: contact NON_ADHERENT patients (PDC below 0.8) about refills and barriers to taking their medication.
A5: patient (sorted by PDC) | B5: pdc | C5: adherence_status | D5: ADHERENT | E5: NON_ADHERENT | F5: drug_class
A6: {=_xlfn.SORTBY('UC2'!A2:A12&" "&'UC2'!B2:B12&" ("&TEXT('UC2'!G2:G12,"0.000")&")", 'UC2'!G2:G12, 1)} -> GL-0002 Mei Chen (0.333) | B6: {=_xlfn._xlws.SORT('UC2'!G2:G12)} -> 0.333 | C6: {=_xlfn.SORTBY('UC2'!H2:H12, 'UC2'!G2:G12, 1)} -> NON_ADHERENT | D6: =IF(C6="ADHERENT", B6, NA()) -> #N/A | E6: =IF(C6="NON_ADHERENT", B6, NA()) -> 0.333 | F6: {=_xlfn.SORTBY('UC2'!C2:C12, 'UC2'!G2:G12, 1)} -> biguanide
A7: GL-0010 William Jones (0.500) | B7: 0.5 | C7: NON_ADHERENT | D7: =IF(C7="ADHERENT", B7, NA()) -> #N/A | E7: =IF(C7="NON_ADHERENT", B7, NA()) -> 0.5 | F7: biguanide
A8: GL-0017 Ethan Lewis (0.917) | B8: 0.917 | C8: ADHERENT | D8: =IF(C8="ADHERENT", B8, NA()) -> 0.917 | E8: =IF(C8="NON_ADHERENT", B8, NA()) -> #N/A | F8: biguanide
A9: GL-0005 James Wilson (0.972) | B9: 0.972 | C9: ADHERENT | D9: =IF(C9="ADHERENT", B9, NA()) -> 0.972 | E9: =IF(C9="NON_ADHERENT", B9, NA()) -> #N/A | F9: biguanide
A10: GL-0012 Lucas Martin (0.972) | B10: 0.972 | C10: ADHERENT | D10: =IF(C10="ADHERENT", B10, NA()) -> 0.972 | E10: =IF(C10="NON_ADHERENT", B10, NA()) -> #N/A | F10: biguanide
A11: GL-0003 Ahmed Khan (0.978) | B11: 0.978 | C11: ADHERENT | D11: =IF(C11="ADHERENT", B11, NA()) -> 0.978 | E11: =IF(C11="NON_ADHERENT", B11, NA()) -> #N/A | F11: biguanide
A12: GL-0008 Sarah Lee (0.978) | B12: 0.978 | C12: ADHERENT | D12: =IF(C12="ADHERENT", B12, NA()) -> 0.978 | E12: =IF(C12="NON_ADHERENT", B12, NA()) -> #N/A | F12: biguanide
A13: GL-0001 Thomas Smith (0.989) | B13: 0.989 | C13: ADHERENT | D13: =IF(C13="ADHERENT", B13, NA()) -> 0.989 | E13: =IF(C13="NON_ADHERENT", B13, NA()) -> #N/A | F13: biguanide
A14: GL-0007 Daniel Nguyen (1.000) | B14: 1 | C14: ADHERENT | D14: =IF(C14="ADHERENT", B14, NA()) -> 1 | E14: =IF(C14="NON_ADHERENT", B14, NA()) -> #N/A | F14: sulfonylurea
A15: GL-0009 Grace Taylor (1.000) | B15: 1 | C15: ADHERENT | D15: =IF(C15="ADHERENT", B15, NA()) -> 1 | E15: =IF(C15="NON_ADHERENT", B15, NA()) -> #N/A | F15: biguanide
A16: GL-0016 Zoe Clark (1.000) | B16: 1 | C16: ADHERENT | D16: =IF(C16="ADHERENT", B16, NA()) -> 1 | E16: =IF(C16="NON_ADHERENT", B16, NA()) -> #N/A | F16: DPP-4 inhibitor

Sheet UC3 Dashboard
A1: UC3 HbA1c trend: change in HbA1c per patient
A2: Source: reporting.vw_uc2_pdc | database: glucolink_a2 | commit: 9a499ce | exported 2026-10-14 17:12 | checks: ALL PASS
A3: GP: review treatment for RISING patients; * = rising despite adherence, so consider a change of therapy rather than an adherence talk.
A5: patient | B5: change_mmol_mol | C5: trend_status | D5: RISING | E5: STABLE | F5: n_results | G5: best_pdc | H5: rising_despite_adherence
A6: ='UC3'!A2&IF('UC3'!K2=TRUE," *","")&IF('UC3'!I2="INSUFFICIENT_HISTORY"," (1 test)","") -> GL-0001 * | B6: =IF('UC3'!H2="","",'UC3'!H2) -> 12 | C6: ='UC3'!I2 -> RISING | D6: =IF('UC3'!I2="RISING",'UC3'!H2,NA()) -> 12 | E6: =IF('UC3'!I2="STABLE",'UC3'!H2,NA()) -> #N/A | F6: ='UC3'!C2 -> 3 | G6: =IF('UC3'!J2="","",'UC3'!J2) -> 0.989 | H6: ='UC3'!K2 -> TRUE
A7: ='UC3'!A3&IF('UC3'!K3=TRUE," *","")&IF('UC3'!I3="INSUFFICIENT_HISTORY"," (1 test)","") -> GL-0002 | B7: =IF('UC3'!H3="","",'UC3'!H3) -> 0 | C7: ='UC3'!I3 -> STABLE | D7: =IF('UC3'!I3="RISING",'UC3'!H3,NA()) -> #N/A | E7: =IF('UC3'!I3="STABLE",'UC3'!H3,NA()) -> 0 | F7: ='UC3'!C3 -> 3 | G7: =IF('UC3'!J3="","",'UC3'!J3) -> 0.333 | H7: ='UC3'!K3 -> FALSE
A8: ='UC3'!A4&IF('UC3'!K4=TRUE," *","")&IF('UC3'!I4="INSUFFICIENT_HISTORY"," (1 test)","") -> GL-0003 (1 test) | B8: =IF('UC3'!H4="","",'UC3'!H4) | C8: ='UC3'!I4 -> INSUFFICIENT_HISTORY | D8: =IF('UC3'!I4="RISING",'UC3'!H4,NA()) -> #N/A | E8: =IF('UC3'!I4="STABLE",'UC3'!H4,NA()) -> #N/A | F8: ='UC3'!C4 -> 1 | G8: =IF('UC3'!J4="","",'UC3'!J4) -> 0.978 | H8: ='UC3'!K4 -> FALSE
A9: ='UC3'!A5&IF('UC3'!K5=TRUE," *","")&IF('UC3'!I5="INSUFFICIENT_HISTORY"," (1 test)","") -> GL-0004 | B9: =IF('UC3'!H5="","",'UC3'!H5) -> 1 | C9: ='UC3'!I5 -> STABLE | D9: =IF('UC3'!I5="RISING",'UC3'!H5,NA()) -> #N/A | E9: =IF('UC3'!I5="STABLE",'UC3'!H5,NA()) -> 1 | F9: ='UC3'!C5 -> 2 | G9: =IF('UC3'!J5="","",'UC3'!J5) | H9: ='UC3'!K5 -> FALSE
A10: ='UC3'!A6&IF('UC3'!K6=TRUE," *","")&IF('UC3'!I6="INSUFFICIENT_HISTORY"," (1 test)","") -> GL-0005 | B10: =IF('UC3'!H6="","",'UC3'!H6) -> 1.1 | C10: ='UC3'!I6 -> STABLE | D10: =IF('UC3'!I6="RISING",'UC3'!H6,NA()) -> #N/A | E10: =IF('UC3'!I6="STABLE",'UC3'!H6,NA()) -> 1.1 | F10: ='UC3'!C6 -> 2 | G10: =IF('UC3'!J6="","",'UC3'!J6) -> 0.972 | H10: ='UC3'!K6 -> FALSE
A11: ='UC3'!A7&IF('UC3'!K7=TRUE," *","")&IF('UC3'!I7="INSUFFICIENT_HISTORY"," (1 test)","") -> GL-0007 (1 test) | B11: =IF('UC3'!H7="","",'UC3'!H7) | C11: ='UC3'!I7 -> INSUFFICIENT_HISTORY | D11: =IF('UC3'!I7="RISING",'UC3'!H7,NA()) -> #N/A | E11: =IF('UC3'!I7="STABLE",'UC3'!H7,NA()) -> #N/A | F11: ='UC3'!C7 -> 1 | G11: =IF('UC3'!J7="","",'UC3'!J7) -> 1 | H11: ='UC3'!K7 -> FALSE
A12: ='UC3'!A8&IF('UC3'!K8=TRUE," *","")&IF('UC3'!I8="INSUFFICIENT_HISTORY"," (1 test)","") -> GL-0008 | B12: =IF('UC3'!H8="","",'UC3'!H8) -> -1 | C12: ='UC3'!I8 -> STABLE | D12: =IF('UC3'!I8="RISING",'UC3'!H8,NA()) -> #N/A | E12: =IF('UC3'!I8="STABLE",'UC3'!H8,NA()) -> -1 | F12: ='UC3'!C8 -> 2 | G12: =IF('UC3'!J8="","",'UC3'!J8) -> 0.978 | H12: ='UC3'!K8 -> FALSE
A13: ='UC3'!A9&IF('UC3'!K9=TRUE," *","")&IF('UC3'!I9="INSUFFICIENT_HISTORY"," (1 test)","") -> GL-0009 | B13: =IF('UC3'!H9="","",'UC3'!H9) -> -1 | C13: ='UC3'!I9 -> STABLE | D13: =IF('UC3'!I9="RISING",'UC3'!H9,NA()) -> #N/A | E13: =IF('UC3'!I9="STABLE",'UC3'!H9,NA()) -> -1 | F13: ='UC3'!C9 -> 4 | G13: =IF('UC3'!J9="","",'UC3'!J9) -> 1 | H13: ='UC3'!K9 -> FALSE
A14: ='UC3'!A10&IF('UC3'!K10=TRUE," *","")&IF('UC3'!I10="INSUFFICIENT_HISTORY"," (1 test)","") -> GL-0010 (1 test) | B14: =IF('UC3'!H10="","",'UC3'!H10) | C14: ='UC3'!I10 -> INSUFFICIENT_HISTORY | D14: =IF('UC3'!I10="RISING",'UC3'!H10,NA()) -> #N/A | E14: =IF('UC3'!I10="STABLE",'UC3'!H10,NA()) -> #N/A | F14: ='UC3'!C10 -> 1 | G14: =IF('UC3'!J10="","",'UC3'!J10) -> 0.5 | H14: ='UC3'!K10 -> FALSE
A15: ='UC3'!A11&IF('UC3'!K11=TRUE," *","")&IF('UC3'!I11="INSUFFICIENT_HISTORY"," (1 test)","") -> GL-0011 | B15: =IF('UC3'!H11="","",'UC3'!H11) -> -4 | C15: ='UC3'!I11 -> STABLE | D15: =IF('UC3'!I11="RISING",'UC3'!H11,NA()) -> #N/A | E15: =IF('UC3'!I11="STABLE",'UC3'!H11,NA()) -> -4 | F15: ='UC3'!C11 -> 2 | G15: =IF('UC3'!J11="","",'UC3'!J11) | H15: ='UC3'!K11 -> FALSE
A16: ='UC3'!A12&IF('UC3'!K12=TRUE," *","")&IF('UC3'!I12="INSUFFICIENT_HISTORY"," (1 test)","") -> GL-0012 (1 test) | B16: =IF('UC3'!H12="","",'UC3'!H12) | C16: ='UC3'!I12 -> INSUFFICIENT_HISTORY | D16: =IF('UC3'!I12="RISING",'UC3'!H12,NA()) -> #N/A | E16: =IF('UC3'!I12="STABLE",'UC3'!H12,NA()) -> #N/A | F16: ='UC3'!C12 -> 1 | G16: =IF('UC3'!J12="","",'UC3'!J12) -> 0.972 | H16: ='UC3'!K12 -> FALSE
A17: ='UC3'!A13&IF('UC3'!K13=TRUE," *","")&IF('UC3'!I13="INSUFFICIENT_HISTORY"," (1 test)","") -> GL-0013 | B17: =IF('UC3'!H13="","",'UC3'!H13) -> 5 | C17: ='UC3'!I13 -> RISING | D17: =IF('UC3'!I13="RISING",'UC3'!H13,NA()) -> 5 | E17: =IF('UC3'!I13="STABLE",'UC3'!H13,NA()) -> #N/A | F17: ='UC3'!C13 -> 2 | G17: =IF('UC3'!J13="","",'UC3'!J13) | H17: ='UC3'!K13 -> FALSE
... A21: ='UC3'!A17&IF('UC3'!K17=TRUE," *","")&IF('UC3'!I17="INSUFFICIENT_HISTORY"," (1 test)","") -> GL-0017 (1 test) | B21: =IF('UC3'!H17="","",'UC3'!H17) | C21: ='UC3'!I17 -> INSUFFICIENT_HISTORY | D21: =IF('UC3'!I17="RISING",'UC3'!H17,NA()) -> #N/A | E21: =IF('UC3'!I17="STABLE",'UC3'!H17,NA()) -> #N/A | F21: ='UC3'!C17 -> 1 | G21: =IF('UC3'!J17="","",'UC3'!J17) -> 0.917 | H21: ='UC3'!K17 -> FALSE
A22: INSUFFICIENT_HISTORY (fewer than 2 tests) has no change value, so it has no bar; it is not drawn as zero. FALLING: 0 patients.

Sheet UC4 Dashboard
A1: UC4 Care-path breaks: breaks per type
A2: Source: reporting.vw_uc2_pdc | database: glucolink_a2 | commit: 9a499ce | exported 2026-10-14 17:12 | checks: ALL PASS
A3: GlucoLink network care coordinator: ask the lab to resend the missing result to the clinic, and contact the patient and both pharmacies about the overlapping supply.
A5: break_type | B5: breaks
A6: RESULT_NOT_RETURNED | B6: =COUNTIF('UC4'!C:C,A6) -> 1
A7: MULTI_PHARMACY_OVERLAP | B7: =COUNTIF('UC4'!C:C,A7) -> 1
A8: Total | B8: =SUM(B6:B7) -> 2
A24: patient_id | B24: display_name | C24: break_type | D24: event_date | E24: detail
A25: =IF('UC4'!A2="","",'UC4'!A2) -> GL-0004 | B25: =IF('UC4'!B2="","",'UC4'!B2) -> Olivia Brown | C25: =IF('UC4'!C2="","",'UC4'!C2) -> RESULT_NOT_RETURNED | D25: =IF('UC4'!E2="","",'UC4'!E2) -> 46087 | E25: =IF('UC4'!D2="","",'UC4'!D2) -> Result OBS-0010 reported 2026-06-03 has no delivery record to a clinic
A26: =IF('UC4'!A3="","",'UC4'!A3) -> GL-0005 | B26: =IF('UC4'!B3="","",'UC4'!B3) -> James Wilson | C26: =IF('UC4'!C3="","",'UC4'!C3) -> MULTI_PHARMACY_OVERLAP | D26: =IF('UC4'!E3="","",'UC4'!E3) -> 46132 | E26: =IF('UC4'!D3="","",'UC4'!D3) -> biguanide supplied by pharmacies 1 and 2 with overlapping supply from 2026-04-20

Sheet UC1
A1: patient_id | B1: display_name | C1: home_clinic | D1: last_test_date | E1: last_hba1c_mmol_mol | F1: first_review_date | G1: care_gap_status | H1: as_of_date
A2: GL-0001 | B2: Thomas Smith | C2: Parramatta Family Practice | D2: 46162 | E2: 62 | G2: HIGH_NO_REVIEW | H2: 46266
A3: GL-0002 | B3: Mei Chen | C3: Parramatta Family Practice | D3: 46204 | E3: 58 | G3: HIGH_REVIEW_PENDING | H3: 46266
A4: GL-0003 | B4: Ahmed Khan | C4: Blacktown Medical Centre | D4: 45992 | E4: 51 | G4: OVERDUE_TEST | H4: 46266
A5: GL-0006 | B5: Daniel Nguyen | C5: Parramatta Family Practice | G5: NO_TEST_ON_RECORD | H5: 46266
A6: GL-0010 | B6: William Jones | C6: Blacktown Medical Centre | D6: 46054 | E6: 52 | G6: OVERDUE_TEST | H6: 46266
A7: GL-0012 | B7: Lucas Martin | C7: Parramatta Family Practice | D7: 46152 | E7: 57 | G7: HIGH_NO_REVIEW | H7: 46266
A8: GL-0014 | B8: Noah Harris | C8: Penrith GP Clinic | D8: 46244 | E8: 58 | G8: HIGH_REVIEW_PENDING | H8: 46266
A9: GL-0016 | B9: Zoe Clark | C9: Blacktown Medical Centre | D9: 46178 | E9: 65 | G9: HIGH_REVIEW_PENDING | H9: 46266

Sheet UC2
A1: patient_id | B1: display_name | C1: drug_class | D1: fills_counted | E1: covered_days | F1: window_days | G1: pdc | H1: adherence_status | I1: window_start | J1: window_end | K1: as_of_date
A2: GL-0001 | B2: Thomas Smith | C2: biguanide | D2: 7 | E2: 178 | F2: 180 | G2: 0.989 | H2: ADHERENT | I2: 46086 | J2: 46265 | K2: 46266
A3: GL-0002 | B3: Mei Chen | C3: biguanide | D3: 3 | E3: 60 | F3: 180 | G3: 0.333 | H3: NON_ADHERENT | I3: 46086 | J3: 46265 | K3: 46266
A4: GL-0003 | B4: Ahmed Khan | C4: biguanide | D4: 6 | E4: 176 | F4: 180 | G4: 0.978 | H4: ADHERENT | I4: 46086 | J4: 46265 | K4: 46266
A5: GL-0005 | B5: James Wilson | C5: biguanide | D5: 8 | E5: 175 | F5: 180 | G5: 0.972 | H5: ADHERENT | I5: 46086 | J5: 46265 | K5: 46266
A6: GL-0007 | B6: Daniel Nguyen | C6: sulfonylurea | D6: 6 | E6: 180 | F6: 180 | G6: 1 | H6: ADHERENT | I6: 46086 | J6: 46265 | K6: 46266
A7: GL-0008 | B7: Sarah Lee | C7: biguanide | D7: 6 | E7: 176 | F7: 180 | G7: 0.978 | H7: ADHERENT | I7: 46086 | J7: 46265 | K7: 46266
A8: GL-0009 | B8: Grace Taylor | C8: biguanide | D8: 7 | E8: 180 | F8: 180 | G8: 1 | H8: ADHERENT | I8: 46086 | J8: 46265 | K8: 46266
A9: GL-0010 | B9: William Jones | C9: biguanide | D9: 3 | E9: 90 | F9: 180 | G9: 0.5 | H9: NON_ADHERENT | I9: 46086 | J9: 46265 | K9: 46266
A10: GL-0012 | B10: Lucas Martin | C10: biguanide | D10: 6 | E10: 175 | F10: 180 | G10: 0.972 | H10: ADHERENT | I10: 46086 | J10: 46265 | K10: 46266
A11: GL-0016 | B11: Zoe Clark | C11: DPP-4 inhibitor | D11: 7 | E11: 180 | F11: 180 | G11: 1 | H11: ADHERENT | I11: 46086 | J11: 46265 | K11: 46266
A12: GL-0017 | B12: Ethan Lewis | C12: biguanide | D12: 6 | E12: 165 | F12: 180 | G12: 0.917 | H12: ADHERENT | I12: 46086 | J12: 46265 | K12: 46266

Sheet UC3
A1: patient_id | B1: display_name | C1: n_results | D1: first_test_date | E1: first_hba1c | F1: last_test_date | G1: last_hba1c | H1: change_mmol_mol | I1: trend_status | J1: best_pdc | K1: rising_despite_adherence | L1: as_of_date
A2: GL-0001 | B2: Thomas Smith | C2: 3 | D2: 45940 | E2: 50 | F2: 46162 | G2: 62 | H2: 12 | I2: RISING | J2: 0.989 | K2: TRUE | L2: 46266
A3: GL-0002 | B3: Mei Chen | C3: 3 | D3: 45981 | E3: 58 | F3: 46204 | G3: 58 | H3: 0 | I3: STABLE | J3: 0.333 | K3: FALSE | L3: 46266
A4: GL-0003 | B4: Ahmed Khan | C4: 1 | D4: 45992 | E4: 51 | F4: 45992 | G4: 51 | I4: INSUFFICIENT_HISTORY | J4: 0.978 | K4: FALSE | L4: 46266
A5: GL-0004 | B5: Olivia Brown | C5: 2 | D5: 45993 | E5: 47 | F5: 46175 | G5: 48 | H5: 1 | I5: STABLE | K5: FALSE | L5: 46266
A6: GL-0005 | B6: James Wilson | C6: 2 | D6: 46027 | E6: 50.8 | F6: 46147 | G6: 51.9 | H6: 1.1 | I6: STABLE | J6: 0.972 | K6: FALSE | L6: 46266
A7: GL-0007 | B7: Daniel Nguyen | C7: 1 | D7: 46157 | E7: 47.5 | F7: 46157 | G7: 47.5 | I7: INSUFFICIENT_HISTORY | J7: 1 | K7: FALSE | L7: 46266
A8: GL-0008 | B8: Sarah Lee | C8: 2 | D8: 46042 | E8: 51 | F8: 46198 | G8: 50 | H8: -1 | I8: STABLE | J8: 0.978 | K8: FALSE | L8: 46266
A9: GL-0009 | B9: Grace Taylor | C9: 4 | D9: 45928 | E9: 49 | F9: 46201 | G9: 48 | H9: -1 | I9: STABLE | J9: 1 | K9: FALSE | L9: 46266
A10: GL-0010 | B10: William Jones | C10: 1 | D10: 46054 | E10: 52 | F10: 46054 | G10: 52 | I10: INSUFFICIENT_HISTORY | J10: 0.5 | K10: FALSE | L10: 46266
A11: GL-0011 | B11: Emily Davis | C11: 2 | D11: 46096 | E11: 54 | F11: 46193 | G11: 50 | H11: -4 | I11: STABLE | K11: FALSE | L11: 46266
A12: GL-0012 | B12: Lucas Martin | C12: 1 | D12: 46152 | E12: 57 | F12: 46152 | G12: 57 | I12: INSUFFICIENT_HISTORY | J12: 0.972 | K12: FALSE | L12: 46266
A13: GL-0013 | B13: Chloe White | C13: 2 | D13: 45971 | E13: 55 | F13: 46122 | G13: 60 | H13: 5 | I13: RISING | K13: FALSE | L13: 46266
A14: GL-0014 | B14: Noah Harris | C14: 2 | D14: 46063 | E14: 52 | F14: 46244 | G14: 58 | H14: 6 | I14: RISING | K14: FALSE | L14: 46266
A15: GL-0015 | B15: Ava Robinson | C15: 2 | D15: 46113 | E15: 51 | F15: 46204 | G15: 50 | H15: -1 | I15: STABLE | K15: FALSE | L15: 46266
A16: GL-0016 | B16: Zoe Clark | C16: 2 | D16: 45966 | E16: 53 | F16: 46178 | G16: 65 | H16: 12 | I16: RISING | J16: 1 | K16: TRUE | L16: 46266
A17: GL-0017 | B17: Ethan Lewis | C17: 1 | D17: 46137 | E17: 49 | F17: 46137 | G17: 49 | I17: INSUFFICIENT_HISTORY | J17: 0.917 | K17: FALSE | L17: 46266

Sheet UC4
A1: patient_id | B1: display_name | C1: break_type | D1: detail | E1: event_date
A2: GL-0004 | B2: Olivia Brown | C2: RESULT_NOT_RETURNED | D2: Result OBS-0010 reported 2026-06-03 has no delivery record to a clinic | E2: 46087
A3: GL-0005 | B3: James Wilson | C3: MULTI_PHARMACY_OVERLAP | D3: biguanide supplied by pharmacies 1 and 2 with overlapping supply from 2026-04-20 | E3: 46132
